{
    "ModInfo": [
      {
        "ModId": "0",
        "ModName": "Infernity",
        "Game": "Diablo",
        "Description": "MP Fixed. A mod that aims to improve Diablo 1 gameplay.",
        "Author": "Qndel",
        "ModVersion": "1.22",
        "WebSite": "https://github.com/qndel/infernity",
        "DL": "https://github.com/qndel/Infernity/raw/master/Infernity.zip",
        "DL2": "null",
        "md5": "73CC04224D7835F860E0639A8931C6CBB614D36A",
        "RunExeAfterInstall": "null",
        "RunExeAfterInstall2": "null",
        "BeforeInstallMessage": "null",
        "AfterInstallMessage": "null",
        "DiabdatRequired": "true",
        "Executable": "Infernity.exe"
      },
	  {
        "ModId": "18",
        "ModName": "Infernity Classic",
        "Game": "Diablo",
        "Description": "Old version of Infernity with multiplayer support.",
        "Author": "Qndel",
        "ModVersion": "1.13",
        "WebSite": "https://github.com/qndel/infernity",
        "DL": "https://www.sergi4ua.com/equine/InfernityClassic.zip",
        "DL2": "null",
        "md5": "null",
        "RunExeAfterInstall": "null",
        "RunExeAfterInstall2": "null",
        "BeforeInstallMessage": "null",
        "AfterInstallMessage": "null",
        "DiabdatRequired": "true",
        "Executable": "InfernityClassic.exe"
      },
      {
        "ModId": "1",
        "ModName": "The Hell",
        "Game": "Diablo",
        "Description": "The Hell, a mature mod for Diablo",
        "Author": "Mordor and The Hell Team",
        "ModVersion": "1235",
        "WebSite": "https://www.patreon.com/thmod",
        "DL": "https://www.dropbox.com/s/fsjs62uzklidvwc/DiabloTheHell.zip?dl=1",
        "DL2": "https://www.sergi4ua.com/equine/THlog.txt",
        "md5": "B502D7B40E343AA4500A01E710A4847D8524E003",
        "RunExeAfterInstall": "null",
        "RunExeAfterInstall2": "null",
        "BeforeInstallMessage": "Please download the music pack, for more information visit the mod Patreon page.",
        "AfterInstallMessage": "null",
        "DiabdatRequired": "true",
        "Executable": "equineLauncher.bat"
      },
	  {
        "ModId": "17",
        "ModName": "The Hell 2",
        "Game": "Diablo",
        "Description": "The Hell 2 finally out of Beta!",
        "Author": "Mordor and The Hell Team",
        "ModVersion": "1.0086",
        "WebSite": "https://www.patreon.com/thmod",
        "DL": "https://www.dropbox.com/s/veczcyf3y9op3bh/TH2.zip?dl=1",
        "DL2": "https://www.sergi4ua.com/equine/TH2.txt",
        "md5": "68393D34BA4E02D7BA1A42A47CA21D3AD2989C4A",
        "RunExeAfterInstall": "null",
        "RunExeAfterInstall2": "null",
        "BeforeInstallMessage": "Please download the music pack, for more information visit the mod Patreon page.",
        "AfterInstallMessage": "null",
        "DiabdatRequired": "true",
        "Executable": "TH2.exe"
      },
      {
        "ModId": "2",
        "ModName": "Purgatory",
        "Game": "Hellfire",
        "Description": "Purgatory mod for Hellfire 1.01",
        "Author": "J.M. Hoefelein",
        "ModVersion": "0.40",
        "WebSite": "N/A",
        "DL": "https://www.sergi4ua.com/equine/D1_Purgatory.zip",
        "DL2": "null",
        "md5": "null",
        "RunExeAfterInstall": "null",
        "RunExeAfterInstall2": "null",
        "BeforeInstallMessage": "NOTE: You must have Hellfire expansion pack installed and then install 1.01 patch to play this mod!",
        "AfterInstallMessage": "Please goto Game > DDraw Wrapper Setup to choose a compatible ddraw.dll wrapper for your system.",
        "DiabdatRequired": "true",
        "Executable": "Purgatory.exe"
      },
      {
        "ModId": "3",
        "ModName": "The Dark",
        "Game": "Hellfire",
        "Description": "The Dark mod for Hellfire 1.01",
        "Author": "Zamal and Zenda",
        "ModVersion": "5.4 Revision A",
        "WebSite": "N/A",
        "DL": "https://www.sergi4ua.com/equine/HLFDRK54.zip",
        "DL2": "null",
        "md5": "null",
        "RunExeAfterInstall": "null",
        "RunExeAfterInstall2": "null",
        "BeforeInstallMessage": "NOTE: You must have Hellfire expansion pack installed to play this mod!",
        "AfterInstallMessage": "Please goto Game > DDraw Wrapper Setup to choose a compatible ddraw.dll wrapper for your system.",
        "DiabdatRequired": "true",
        "Executable": "HLFDRK54A.exe"
      },
      {
        "ModId": "4",
        "ModName": "Belzebub (HD Mod)",
        "Game": "Diablo",
        "Description": "Makes Diablo 1 HD and more Diablo II.",
        "Author": "Noktis and BrightLord",
        "ModVersion": "1.045",
        "WebSite": "https://mod.diablo.noktis.pl/",
        "DL": "https://www.sergi4ua.com/equine/DiabloBelzebub.zip",
        "DL2": "null",
        "md5": "null",
        "RunExeAfterInstall": "vcredist_x86.exe",
        "RunExeAfterInstall2": "null",
        "BeforeInstallMessage": "null",
        "AfterInstallMessage": "null",
        "DiabdatRequired": "true",
        "Executable": "Belzebub.exe"
      },
      {
        "ModId": "5",
        "ModName": "VandK Middle Earth Mod",
        "Game": "Diablo",
        "Description": "Mod based on Tolkien.",
        "Author": "Varaya and Khan",
        "ModVersion": "N/A",
        "WebSite": "N/A",
        "DL": "https://www.sergi4ua.com/equine/MiddleEarth.zip",
        "DL2": "null",
        "md5": "null",
        "RunExeAfterInstall": "null",
        "RunExeAfterInstall2": "null",
        "BeforeInstallMessage": "This mod requires 1.07 patch. If for some reason the mod doesn't work downgrade to 1.07 and reinstall the mod.",
        "AfterInstallMessage": "To avoid crashes, please use StrangeBytes' or DDrawCompat.",
        "DiabdatRequired": "true",
        "Executable": "VH.EXE"
      },
      {
        "ModId": "6",
        "ModName": "Sinwar",
        "Game": "Diablo",
        "Description": "N/A",
        "Author": "Civerb[HKW]",
        "ModVersion": "N/A",
        "WebSite": "N/A",
        "DL": "https://www.sergi4ua.com/equine/sinwar.zip",
        "DL2": "null",
        "md5": "null",
        "RunExeAfterInstall": "null",
        "RunExeAfterInstall2": "null",
        "BeforeInstallMessage": "This mod requires 1.07 patch. If for some reason the mod doesn't work downgrade to 1.07 and reinstall the mod.\\nRead sinwar.txt for more information.",
        "AfterInstallMessage": "To avoid crashes, please use StrangeBytes' or DDrawCompat.",
        "DiabdatRequired": "true",
        "Executable": "Sinwar.exe"
      },
      {
        "ModId": "7",
        "ModName": "Abysmal Mod",
        "Game": "Diablo",
        "Description": "N/A",
        "Author": "Tommi Helminen",
        "ModVersion": "N/A",
        "WebSite": "N/A",
        "DL": "https://www.sergi4ua.com/equine/Abysmal.zip",
        "DL2": "null",
        "md5": "null",
        "RunExeAfterInstall": "Abysmal_V2+.txt",
        "RunExeAfterInstall2": "null",
        "BeforeInstallMessage": "This mod requires 1.07 patch. If for some reason the mod doesn't work downgrade to 1.07 and reinstall the mod.\\nRead sinwar.txt for more information.",
        "AfterInstallMessage": "To avoid crashes, please use StrangeBytes' or DDrawCompat.",
        "DiabdatRequired": "false",
        "Executable": "abysmal.exe"
      },
      {
        "ModId": "8",
        "ModName": "Tchernobog",
        "Game": "Diablo",
        "Description": "Multiplayer version of Belzebub.",
        "Author": "BrightLord/Qndel/Ogodei",
        "ModVersion": "0.1.6c",
        "WebSite": "https://mod.diablo.noktis.pl/",
        "DL": "https://www.sergi4ua.com/equine/Tchernobog.zip",
        "DL2": "https://www.sergi4ua.com/equine/Tlog.txt",
        "md5": "8F0310BEAD2CEAECC0D7295B813E41334F627A82",
        "RunExeAfterInstall": "null",
        "RunExeAfterInstall2": "null",
        "BeforeInstallMessage": "null",
        "AfterInstallMessage": "null",
        "DiabdatRequired": "true",
        "Executable": "Tchernobog0.1.6c.exe"
      },
      {
        "ModId": "9",
        "ModName": "Crucible",
        "Game": "Diablo",
        "Description": "A gruelling, deadly struggle through Hell itself. The feel of the vanilla game with a whole new level of challenge.",
        "Author": "OverUsedChewToy",
        "ModVersion": "1.25",
        "WebSite": "https://discord.gg/VVmfWjG",
        "DL": "https://tinyurl.com/y8bhskat",
        "DL2": "null",
        "md5": "E6C087ECAAA52A399F82B0451364751667C4060B",
        "RunExeAfterInstall": "null",
        "RunExeAfterInstall2": "null",
        "BeforeInstallMessage": "Please make sure your game is patched to v1.08 and NOT v1.09 as the mod may not work properly with the latter.",
        "AfterInstallMessage": "null",
        "DiabdatRequired": "false",
        "Executable": "Crucible.exe"
      },
      {
        "ModId": "10",
        "ModName": "The Awakening",
        "Game": "Diablo",
        "Description": "After Diablo was defeated, the Hero embedded the Soulstone of the Lord of Terror into his forehead, hoping he will be able to master the daemon. The body of prince Albrecht retrieved its natural look and was buried in vault near the Cathedral. As the time goes, the Hero stared to feel that he is loosing the fight with the overtaking demonic force, which started to gradually forcing an entrance into his soul. Through the possessed body of the Hero, Diablo, The Lord of Terror, went east throughout the mighty deserts of Aranoch, surrounding ancient city of Lut Gholein, to get to the found of hell at the end, his domain, where the frightening army starts to gather.",
        "Author": "Noktis",
        "ModVersion": "6.9",
        "WebSite": "https://diablo.noktis.pl/awake/",
        "DL": "https://www.dropbox.com/s/i19rc6acy4tkyxv/TheAwakening.zip?dl=1",
        "DL2": "null",
        "md5": "null",
        "RunExeAfterInstall": "null",
        "RunExeAfterInstall2": "null",
        "BeforeInstallMessage": "This mod required 1.09 patch. Please run 'TheAwakening_BattleNet.reg' if you want to play on The Awakening PvPGN. Enjoy and thanks for playing!",
        "AfterInstallMessage": "null",
        "DiabdatRequired": "true",
        "Executable": "AwakeEN.exe"
      },
      {
        "ModId": "11",
        "ModName": "DiabloPatch",
        "Game": "Diablo",
        "Description": "A 'must-have' patch for Diablo 1",
        "Author": "diablopat.ch",
        "ModVersion": "2.10",
        "WebSite": "https://diablopat.ch/",
        "DL": "https://www.sergi4ua.com/equine/DiabloPatch210.zip",
        "DL2": "null",
        "md5": "null",
        "RunExeAfterInstall": "vc_redist.x86.exe",
        "RunExeAfterInstall2": "null",
        "BeforeInstallMessage": "You must patch Diablo to 1.09. Use 'Game > Force Update' to do this!",
        "AfterInstallMessage": "null",
        "DiabdatRequired": "false",
        "Executable": "DiabloPatchLoader.exe"
      },
      {
        "ModId": "12",
        "ModName": "Psycho Mod (German)",
        "Game": "Diablo",
        "Description": "Unknown",
        "Author": "Unknown",
        "ModVersion": "N/A",
        "WebSite": "N/A",
        "DL": "https://www.sergi4ua.com/equine/psychomod.zip",
        "DL2": "null",
        "md5": "null",
        "RunExeAfterInstall": "null",
        "RunExeAfterInstall2": "null",
        "BeforeInstallMessage": "You must patch Diablo to 1.07. Use Game > Downgrade... to downgrade your game.",
        "AfterInstallMessage": "null",
        "DiabdatRequired": "false",
        "Executable": "PsychoMod v103.exe"
      },
      {
        "ModId": "13",
        "ModName": "DevilutionX",
        "Game": "Diablo",
        "Description": "Making Diablo Cross-Platform. Check GitHub for details and source code.",
        "Author": "diasurgical, and GitHub contributors",
        "ModVersion": "0.5",
        "WebSite": "https://github.com/diasurgical/devilutionX/",
        "DL": "https://www.sergi4ua.com/equine/devilutionx.zip",
        "DL2": "https://www.sergi4ua.com/equine/dxlog.txt",
        "md5": "FD9CA4182C921CADAFA12CC9BF32D135B1BB08C1",
        "RunExeAfterInstall": "null",
        "RunExeAfterInstall2": "null",
        "BeforeInstallMessage": "devilutionX is still in development. Please check GitHub for more information.",
        "AfterInstallMessage": "null",
        "DiabdatRequired": "true",
        "Executable": "devilutionx.exe"
      },
      {
        "ModId": "14",
        "ModName": "Retribution",
        "Game": "Diablo",
        "Description": "N/A",
        "Author": "Charlie",
        "ModVersion": "N/A",
        "WebSite": "N/A",
        "DL": "https://www.sergi4ua.com/equine/retribution.zip",
        "DL2": "null",
        "md5": "null",
        "RunExeAfterInstall": "readme.txt",
        "RunExeAfterInstall2": "null",
        "BeforeInstallMessage": "null",
        "AfterInstallMessage": "null",
        "DiabdatRequired": "true",
        "Executable": "Retribution.exe"
      },
      {
        "ModId": "15",
        "ModName": "Ultra Mod",
        "Game": "Diablo",
        "Description": "N/A",
        "Author": "Rincewind[GdL]",
        "ModVersion": "N/A",
        "WebSite": "N/A",
        "DL": "https://www.sergi4ua.com/equine/ultra.zip",
        "DL2": "null",
        "md5": "null",
        "RunExeAfterInstall": "readme_e.txt",
        "RunExeAfterInstall2": "null",
        "BeforeInstallMessage": "null",
        "AfterInstallMessage": "null",
        "DiabdatRequired": "true",
        "Executable": "UItra_V1-7.exe"
      },
      {
        "ModId": "16",
        "ModName": "Give Me Sanctuary",
        "Game": "Diablo",
        "Description": "(prealpha) Mod that aims to make Diablo 1 better",
        "Author": "Sergi4UA, Qndel, AJenbo, ApertureSecurity",
        "ModVersion": "0.0.1.1",
        "WebSite": "https://www.sergi4ua.com",
        "DL": "https://www.sergi4ua.com/equine/gms.zip",
        "DL2": "null",
        "md5": "DA585C3EEFD614BDADA457F4AC3CE722AEB36AEB",
        "RunExeAfterInstall": "null",
        "RunExeAfterInstall2": "null",
        "BeforeInstallMessage": "null",
        "AfterInstallMessage": "null",
        "DiabdatRequired": "true",
        "Executable": "gms.exe"
      }
    ]
  }